Geom;PROJECT;STREET;LOCATION;COMP_DATE;URL_LINK;geo_point_2d
"{""coordinates"": [[[-123.0617835739591, 49.27479197411395], [-123.05984903024542, 49.27477663007835]], [[-123.06176636445585, 49.275696935033636], [-123.05983144171077, 49.27568163587975]], [[-123.06317296126693, 49.27570760745647], [-123.06176636445585, 49.275696935033636]], [[-123.06370066894321, 49.27571160844485], [-123.06317296126693, 49.27570760745647]], [[-123.05983144171077, 49.27568163587975], [-123.05789821138669, 49.27566651936101]], [[-123.05791414440094, 49.27476158664743], [-123.05728489284041, 49.27475749268217]], [[-123.05789821138669, 49.27566651936101], [-123.05657791341673, 49.275656307200535]], [[-123.05728489284041, 49.27475749268217], [-123.05658021941574, 49.27475165119958]], [[-123.05657492365732, 49.275806933043555], [-123.05657791341673, 49.275656307200535]], [[-123.05657492365732, 49.275806933043555], [-123.05580067549678, 49.27580556447188]], [[-123.05786699300111, 49.27910081484484], [-123.05656595165468, 49.27909371422436]], [[-123.0565628186508, 49.279636251026034], [-123.05656595165468, 49.27909371422436]], [[-123.05655953151943, 49.28022441139663], [-123.0565628186508, 49.279636251026034]], [[-123.06171023830522, 49.280749459581415], [-123.06172115294548, 49.28025177753656]], [[-123.06170140497193, 49.28117427953768], [-123.06171023830522, 49.280749459581415]], [[-123.06170140497193, 49.28117427953768], [-123.05976625967678, 49.28116350397079]], [[-123.06365464005337, 49.2802621344824], [-123.06172115294548, 49.28025177753656]], [[-123.0617404628203, 49.279122080641116], [-123.05980416002885, 49.2791109915031]], [[-123.05195783521054, 49.28021916016229], [-123.04933102680226, 49.28021586783751]], [[-123.04933067504456, 49.27786437500549], [-123.04933363755292, 49.27745742270258]], [[-123.04932824902069, 49.278271659872246], [-123.04933067504456, 49.27786437500549]], [[-123.04932824902069, 49.278271659872246], [-123.04857255108598, 49.27827065771689]], [[-123.04857255108598, 49.27827065771689], [-123.04746721038815, 49.27826988473117]], [[-123.04746721038815, 49.27826988473117], [-123.04670705854663, 49.27826951985807]], [[-123.05464992030437, 49.27663419316613], [-123.05199238234036, 49.2766309399112]], [[-123.05458315279942, 49.27746344569522], [-123.05196036620521, 49.277458808010294]], [[-123.05579552234235, 49.27746524136481], [-123.05464724826872, 49.277463541332594]], [[-123.05657497940507, 49.27746639153921], [-123.05579552234235, 49.27746524136481]], [[-123.05981050573372, 49.27749127986894], [-123.05787658632192, 49.27747643319603]], [[-123.05981532303011, 49.27658616403022], [-123.05788014687292, 49.276571488978306]], [[-123.06288448336375, 49.27376865434363], [-123.06238598254744, 49.273764849748204]], [[-123.06354576922735, 49.273773617709736], [-123.06288448336375, 49.27376865434363]], [[-123.06459252352154, 49.27378139383029], [-123.06354576922735, 49.273773617709736]], [[-123.06509013086846, 49.27378502749605], [-123.06459252352154, 49.27378139383029]], [[-123.06567943476045, 49.27378940750475], [-123.06509013086846, 49.27378502749605]], [[-123.06238598254744, 49.273764849748204], [-123.0618043229307, 49.27376055679622]], [[-123.06508947943566, 49.273007816526956], [-123.0624169924121, 49.27298779257697]], [[-123.06568755877113, 49.27301236245839], [-123.06508947943566, 49.273007816526956]], [[-123.05580067549678, 49.27580556447188], [-123.05465331942503, 49.27580350425353]], [[-123.05465676689444, 49.2741456897472], [-123.05201781282014, 49.274143381789315]], [[-123.05465405383043, 49.27497503829221], [-123.0520015680233, 49.274971854829886]], [[-123.05201781282014, 49.274143381789315], [-123.04939266235834, 49.274141889189735]], [[-123.05199516714076, 49.27580115987166], [-123.05056772450388, 49.27580037214483]], [[-123.05199238234036, 49.2766309399112], [-123.04934978993283, 49.276628545656706]], [[-123.05056772450388, 49.27580037214483], [-123.04936254561261, 49.27579925616155]], [[-123.04936254561261, 49.27579925616155], [-123.04684062393059, 49.27579807520539]], [[-123.04686858303417, 49.274139351501475], [-123.0468759583631, 49.27372563282833]], [[-123.04686155175283, 49.27455357373526], [-123.04686725234563, 49.27421488463153], [-123.04686858303417, 49.274139351501475]], [[-123.03883546588816, 49.27744844792986], [-123.03821650857884, 49.27744659440319]], [[-123.03883320339467, 49.27826163110751], [-123.03620652742003, 49.278258382205024]], [[-123.03883123020442, 49.27907563263423], [-123.0362042636456, 49.27907255468321]], [[-123.0388839943546, 49.27641199761044], [-123.03889893459719, 49.27537540547772]], [[-123.03694484033386, 49.27641036710864], [-123.03632515433894, 49.276409403202734]], [[-123.0382311203297, 49.27641119901267], [-123.03694484033386, 49.27641036710864]], [[-123.0388839943546, 49.27641199761044], [-123.0382311203297, 49.27641119901267]], [[-123.0413642640636, 49.27641488733232], [-123.0407299762772, 49.276412611993266]], [[-123.03632263034105, 49.2766230665963], [-123.03359530923835, 49.276621283135825]], [[-123.0369287713681, 49.27744516012288], [-123.03631124483775, 49.277444429326096]], [[-123.03821650857884, 49.27744659440319], [-123.0369287713681, 49.27744516012288]], [[-123.04138898175304, 49.27537791357514], [-123.04141514768014, 49.27374024946536]], [[-123.03762927117228, 49.27325471580474], [-123.03637091139835, 49.273253688518224]], [[-123.03889572877695, 49.273256527233116], [-123.03762927117228, 49.27325471580474]], [[-123.03889081468638, 49.27372065363073], [-123.03889572877695, 49.273256527233116]], [[-123.04141514768014, 49.27374024946536], [-123.04142443641308, 49.27325873369145]], [[-123.03637091139835, 49.273253688518224], [-123.03439499637376, 49.27325076747249]], [[-123.03635779868921, 49.27413584175528], [-123.03363172764169, 49.27413314126184]], [[-123.03634619727677, 49.27496118078423], [-123.03362089179787, 49.27495838084414]], [[-123.04410035452361, 49.276411437774925], [-123.04334761462034, 49.27641173160907]], [[-123.04334761462034, 49.27641173160907], [-123.0413642640636, 49.27641488733232]], [[-123.04670763718248, 49.27745545566782], [-123.04408379627628, 49.277454309658026]], [[-123.04670562205827, 49.28021350470013], [-123.04670619417426, 49.27962546265698]], [[-123.04670645177471, 49.27908291830107], [-123.0467065490659, 49.278676363100146]], [[-123.04145635999728, 49.278264803572796], [-123.03883320339467, 49.27826163110751]], [[-123.04670619417426, 49.27962546265698], [-123.04670645177471, 49.27908291830107]], [[-123.0467065490659, 49.278676363100146], [-123.04670705854663, 49.27826951985807]], [[-123.04684704969567, 49.27538284584725], [-123.04685438366234, 49.274968623551416]], [[-123.04336614960579, 49.275379527192115], [-123.04271723447653, 49.2753783836545]], [[-123.04411832484882, 49.27538031287352], [-123.04336614960579, 49.275379527192115]], [[-123.04486060155342, 49.27538100755012], [-123.04411832484882, 49.27538031287352]], [[-123.04551707762354, 49.275381623346874], [-123.04486060155342, 49.27538100755012]], [[-123.04617901161797, 49.27538223323279], [-123.04551707762354, 49.275381623346874]], [[-123.04684704969567, 49.27538284584725], [-123.04617901161797, 49.27538223323279]], [[-123.04684062393059, 49.27579807520539], [-123.04684704969567, 49.27538284584725]], [[-123.04423046078874, 49.268500900799324], [-123.04347548749391, 49.268497571269364]], [[-123.04148251422481, 49.26948250430854], [-123.03895709091054, 49.26947828310611]], [[-123.04345990352684, 49.26948801114054], [-123.04148251422481, 49.26948250430854]], [[-123.0442155369063, 49.2694901081789], [-123.04345990352684, 49.26948801114054]], [[-123.04496910840095, 49.26949219208291], [-123.0442155369063, 49.2694901081789]], [[-123.0455371604761, 49.27421368939946], [-123.04555450145631, 49.273263997572144]], [[-123.04551707762354, 49.275381623346874], [-123.0455371604761, 49.27421368939946]], [[-123.04685438366234, 49.274968623551416], [-123.04686155175283, 49.27455357373526]], [[-123.05659300076039, 49.26723720480487], [-123.05659420147038, 49.26678475470092]], [[-123.0565920901505, 49.26758276479268], [-123.05659300076039, 49.26723720480487]], [[-123.0565918000217, 49.267689645877965], [-123.0565920901505, 49.26758276479268]], [[-123.05659027133278, 49.26904519581436], [-123.05659070388548, 49.26859411349892]], [[-123.05658872252994, 49.269505849528684], [-123.05659027133278, 49.26904519581436]], [[-123.05215954665029, 49.26477800650349], [-123.0495334237096, 49.26477788486531]], [[-123.05469773006136, 49.264778667819854], [-123.05215954665029, 49.26477800650349]], [[-123.05584466322799, 49.26477866787289], [-123.05469773006136, 49.264778667819854]], [[-123.05469526101206, 49.265728328416486], [-123.05214709013256, 49.26572674504254]], [[-123.05213457919308, 49.26667645492972], [-123.04950941058671, 49.26667302207048]], [[-123.04700815255707, 49.264768667348534], [-123.04503585938178, 49.26476426271205]], [[-123.04950941058671, 49.26667302207048], [-123.04698496773135, 49.26668255867537]], [[-123.04500984545672, 49.266674061923226], [-123.04425884456488, 49.2666703221868]], [[-123.04698496773135, 49.26668255867537], [-123.04542885494865, 49.26666595517665]], [[-123.04542885494865, 49.26666595517665], [-123.04500984545672, 49.266674061923226]], [[-123.0495334237096, 49.26477788486531], [-123.04700815255707, 49.264768667348534]], [[-123.0469975506225, 49.265719014709504], [-123.04503545930119, 49.265714120172106]], [[-123.04503545930119, 49.265714120172106], [-123.04427171898563, 49.26571212155875]], [[-123.0442757626305, 49.2647625325624], [-123.0435156790571, 49.26476009578164]], [[-123.03644273723026, 49.268470966946865], [-123.03370817698857, 49.268462550011066]], [[-123.04347548749391, 49.268497571269364], [-123.04149854937526, 49.26849113803959]], [[-123.02427274224019, 49.274941958765396], [-123.02361506319855, 49.27494283265531]], [[-123.02365349690257, 49.26846294095506], [-123.02366088433047, 49.266635457097465]], [[-123.02363872233244, 49.270309225696735], [-123.02364264510658, 49.269456750358955]], [[-123.02364264510658, 49.269456750358955], [-123.02365349690257, 49.26846294095506]], [[-123.02774061222301, 49.27324250005799], [-123.02769342490662, 49.27310792536099], [-123.02763969323007, 49.272922457426546], [-123.0274785253105, 49.27236100712926], [-123.02689122834887, 49.270320783950126]], [[-123.02609508841842, 49.274936425329685], [-123.02427274224019, 49.274941958765396]], [[-123.0256963025615, 49.281120575893624], [-123.02569685145961, 49.280695094915416]], [[-123.02569685145961, 49.280695094915416], [-123.02569748657214, 49.28019740059898]], [[-123.02569748657214, 49.28019740059898], [-123.02359397800313, 49.28019666188982]], [[-123.02364191559184, 49.23958718451189], [-123.02364382534596, 49.2374003685552]], [[-123.02701202851676, 49.24331709492321], [-123.02762843881457, 49.242671307086084], [-123.02768872008788, 49.24258933705261]], [[-123.02631198032621, 49.24403056063119], [-123.02701202851676, 49.24331709492321]], [[-123.02584820656318, 49.244516129115226], [-123.02631198032621, 49.24403056063119]], [[-123.02427293537305, 49.24450938257891], [-123.02378417188697, 49.24450726241267]], [[-123.0245160118987, 49.244510446661224], [-123.02427293537305, 49.24450938257891]], [[-123.02495962789352, 49.244512258660905], [-123.0245160118987, 49.244510446661224]], [[-123.02571652838306, 49.26501596274613], [-123.02493553080758, 49.26527659898841], [-123.02411718017417, 49.2654823760121], [-123.02366523670345, 49.2655617261772]], [[-123.02832998013642, 49.27824878911275], [-123.02570329447285, 49.278250635595924]], [[-123.0283270402316, 49.27906904233586], [-123.02570035051016, 49.27906753354824]], [[-123.0290619612314, 49.279069471506006], [-123.0283270402316, 49.27906904233586]], [[-123.02905914700759, 49.280200049250936], [-123.02832356295328, 49.28019954826297]], [[-123.03021821783913, 49.27907004744458], [-123.0290619612314, 49.279069471506006]], [[-123.0308441826281, 49.28020113372776], [-123.03021457753933, 49.28020053548349]], [[-123.03021457753933, 49.28020053548349], [-123.02905914700759, 49.280200049250936]], [[-123.02832356295328, 49.28019954826297], [-123.02569748657214, 49.28019740059898]], [[-123.03098209036553, 49.26846237764636], [-123.02846719768787, 49.26846372624934]], [[-123.02839211454656, 49.27411220348361], [-123.02610152729734, 49.274112006013695]], [[-123.03054216600027, 49.2749447713841], [-123.02839400397652, 49.274937025666645]], [[-123.03017307156817, 49.2741201086736], [-123.02984586550625, 49.27411865547708]], [[-123.02984586550625, 49.27411865547708], [-123.02839211454656, 49.27411220348361]], [[-123.03019632325363, 49.27743824638392], [-123.02909386019405, 49.27743583067465]], [[-123.02909386019405, 49.27743583067465], [-123.02833380312782, 49.27743425649183]], [[-123.03085817462097, 49.27825431229809], [-123.03085174349198, 49.27781869537449], [-123.03076311731745, 49.27743822280706]], [[-123.03011596649567, 49.24006155346325], [-123.03153552752305, 49.23858041393984]], [[-123.02994136022546, 49.237342354920145], [-123.02975635473321, 49.23726562830467], [-123.02815090848279, 49.23652588386892]], [[-123.03184954095418, 49.238256391092364], [-123.03126824061573, 49.23796039947848]], [[-123.03126824061573, 49.23796039947848], [-123.03094216237555, 49.23775459513075], [-123.02994136022546, 49.237342354920145]], [[-123.03101470693859, 49.262098407911964], [-123.03089612685865, 49.26212823180495], [-123.03050565178597, 49.26225856815472], [-123.03013815718157, 49.262414902329624], [-123.0297976275073, 49.262595515434924], [-123.02964405355326, 49.26269610334515], [-123.02848487870642, 49.2634558150956]], [[-123.03153552752305, 49.23858041393984], [-123.03184954095418, 49.238256391092364]], [[-123.02848487870642, 49.2634558150956], [-123.02744994484966, 49.264134348933055], [-123.02713271962004, 49.26434209611165], [-123.0264516093328, 49.26470332147508], [-123.02571652838306, 49.26501596274613]], [[-123.02850018915318, 49.26567355147927], [-123.02848487870642, 49.2634558150956]], [[-123.03297149814658, 49.26754748328801], [-123.03099607484526, 49.26754849785948]], [[-123.03365476845899, 49.272273945941464], [-123.03366775653679, 49.271340529167446]], [[-123.03364406406307, 49.27325089861165], [-123.03094252521342, 49.27324713805933]], [[-123.03439499637376, 49.27325076747249], [-123.03364406406307, 49.27325089861165]], [[-123.03362089179787, 49.27495838084414], [-123.03138716122264, 49.27494851181828]], [[-123.03360708065618, 49.275795944575606], [-123.03180129116852, 49.27579166124289]], [[-123.03358022603706, 49.27906961405256], [-123.03358066505642, 49.278663211690144]], [[-123.03358066505642, 49.278663211690144], [-123.03358206630732, 49.278256557154265]], [[-123.0339805517545, 49.24455762327443], [-123.03440269109177, 49.244159783060184]], [[-123.03548526178751, 49.24456601321006], [-123.034562003644, 49.244562515105486]], [[-123.033755266903, 49.26291584365987], [-123.03375756434897, 49.26189134301694]], [[-123.03375379498337, 49.263820797624334], [-123.033755266903, 49.26291584365987]], [[-123.03374682509053, 49.264725816018654], [-123.03375379498337, 49.263820797624334]], [[-123.03373546540234, 49.26663181241108], [-123.03374795395864, 49.26567568197564]], [[-123.03372414443491, 49.267547131133114], [-123.03373546540234, 49.26663181241108]], [[-123.03372414443491, 49.267547131133114], [-123.03297149814658, 49.26754748328801]], [[-123.03523496927836, 49.23480953616834], [-123.0355038826546, 49.234529251821584]], [[-123.03426260441354, 49.235796787288194], [-123.03461570796692, 49.23543796953328]], [[-123.03184954095418, 49.238256391092364], [-123.032115761986, 49.238002786444014], [-123.03262295602883, 49.23746820087996]], [[-123.03461570796692, 49.23543796953328], [-123.03523496927836, 49.23480953616834]], [[-123.03239274758806, 49.23848002372259], [-123.03184954095418, 49.238256391092364]], [[-123.03340764065018, 49.23890341963076], [-123.03239274758806, 49.23848002372259]], [[-123.03372746418148, 49.239036843085984], [-123.03340764065018, 49.23890341963076]], [[-123.03468240719981, 49.23943082180685], [-123.03372746418148, 49.239036843085984]], [[-123.06577109408676, 49.26866437133771], [-123.06517743872523, 49.26865996727054]], [[-123.06517743872523, 49.26865996727054], [-123.06383784822538, 49.26864985795541]], [[-123.06389001593186, 49.265936454400304], [-123.06195610592944, 49.26592070455163]], [[-123.06387243547128, 49.266841381257905], [-123.06193858769865, 49.2668267284935]], [[-123.0619217810432, 49.26773069200814], [-123.0599893967598, 49.267715520092594]], [[-123.06911980476237, 49.26709025390994], [-123.06701081077621, 49.267083958322246], [-123.0667908397188, 49.267144722325526]], [[-123.06966907004929, 49.26709406181598], [-123.06911980476237, 49.26709025390994]], [[-123.06188790602862, 49.26953963520057], [-123.05995391163313, 49.26952455350113]], [[-123.06380383647118, 49.270458801505555], [-123.06187034169369, 49.270443742609785]], [[-123.06186297711542, 49.270820375304226], [-123.06187034169369, 49.270443742609785]], [[-123.06185414549815, 49.27123316943303], [-123.06186297711542, 49.270820375304226]], [[-123.06378752036103, 49.271248579480755], [-123.06185414549815, 49.27123316943303]], [[-123.05990276749093, 49.27206109857315], [-123.05796157063541, 49.27204829901743]], [[-123.06055196081074, 49.272066409166854], [-123.05990276749093, 49.27206109857315]], [[-123.0611716526631, 49.272071228004705], [-123.06055196081074, 49.272066409166854]], [[-123.06377186435081, 49.27209226516217], [-123.06183655941788, 49.272076837892655]], [[-123.0651241001565, 49.27210322266629], [-123.06377186435081, 49.27209226516217]], [[-123.06570425639931, 49.27210788655316], [-123.0651241001565, 49.27210322266629]], [[-123.05658860139896, 49.270433541976445], [-123.05587544491178, 49.270432656705026]], [[-123.05587544491178, 49.270432656705026], [-123.05529063979104, 49.27043188558841]], [[-123.05529063979104, 49.27043188558841], [-123.05469259673946, 49.27043106380759]], [[-123.05469259673946, 49.27043106380759], [-123.05415252318089, 49.27043062555629]], [[-123.05468793495548, 49.271362221397766], [-123.05469259673946, 49.27043106380759]], [[-123.05796196421757, 49.27250156648543], [-123.05796157063541, 49.27204829901743]], [[-123.05795156147876, 49.27295076451199], [-123.05796196421757, 49.27250156648543]], [[-123.05795156147876, 49.27295076451199], [-123.05730451505882, 49.272945375276265]], [[-123.05730451505882, 49.272945375276265], [-123.05680367099839, 49.27301235789321], [-123.05658350980558, 49.273073093494276]], [[-123.0624169924121, 49.27298779257697], [-123.06182012336863, 49.27298319308852]], [[-123.06182012336863, 49.27298319308852], [-123.06183655941788, 49.272076837892655]], [[-123.06182012336863, 49.27298319308852], [-123.06115392596524, 49.27297760177868]], [[-123.06180178718849, 49.273887633180294], [-123.05986774593325, 49.273872028331226]], [[-123.06115392596524, 49.27297760177868], [-123.06053429147488, 49.27297276482457]], [[-123.06053429147488, 49.27297276482457], [-123.05988563544368, 49.27296686916503]], [[-123.04943651320207, 49.27135919045355], [-123.04691448528507, 49.2713552136735]], [[-123.04942078258593, 49.272290649246], [-123.04690006950527, 49.272288110815]], [[-123.04940774975108, 49.273267298561905], [-123.04688341261823, 49.27326477030735]], [[-123.0468759583631, 49.27372563282833], [-123.04688341261823, 49.27326477030735]], [[-123.05204716874805, 49.272292590399076], [-123.04942078258593, 49.272290649246]], [[-123.05203282677131, 49.27326923161107], [-123.04940774975108, 49.273267298561905]], [[-123.06972673879854, 49.26417192682112], [-123.06906463236959, 49.264167062297616]], [[-123.06906463236959, 49.264167062297616], [-123.06585830242565, 49.2641435949013]], [[-123.06855594397722, 49.26325842681803], [-123.06650573532612, 49.26324307394077]], [[-123.06650573532612, 49.26324307394077], [-123.06587677954536, 49.26323810909753]], [[-123.06587677954536, 49.26323810909753], [-123.06394277196792, 49.26322528902048]], [[-123.05208987702976, 49.2695080192577], [-123.04946516327679, 49.26950483703831]], [[-123.04947341769358, 49.26893411534061], [-123.04947959962362, 49.26851793195138]], [[-123.04946516327679, 49.26950483703831], [-123.04947341769358, 49.26893411534061]], [[-123.04945073003515, 49.27042664373738], [-123.04692939771155, 49.27042474487928]], [[-123.0469439830422, 49.26949782017218], [-123.04496910840095, 49.26949219208291]], [[-123.04957814096949, 49.26201150746908], [-123.04958267700408, 49.26187477837914], [-123.04955544053428, 49.258735848788405]], [[-123.05811521138268, 49.26453883344931], [-123.05812327052392, 49.26408639765589]], [[-123.05470337749718, 49.262016741533415], [-123.05300793598103, 49.26201580473625]], [[-123.05740152734134, 49.26408102853185], [-123.05659768620751, 49.264075029499]], [[-123.05812327052392, 49.26408639765589], [-123.05740152734134, 49.26408102853185]], [[-123.05300793598103, 49.26201580473625], [-123.05220464329963, 49.26201533392816]], [[-123.0619925240703, 49.264115905624095], [-123.05812327052392, 49.26408639765589]], [[-123.05810688998157, 49.26499045077506], [-123.05811521138268, 49.26453883344931]], [[-123.03694546799856, 49.24457088065182], [-123.03664340836951, 49.244570392163524]], [[-123.03911614823278, 49.24457440284476], [-123.03694546799856, 49.24457088065182]], [[-123.04351763266071, 49.263855636380185], [-123.04155241137953, 49.26384873192001]], [[-123.04156009064855, 49.2629438115969], [-123.03903315544925, 49.26293475320554]], [[-123.03904410945547, 49.26190651651646], [-123.03791080622922, 49.26190372762028]], [[-123.04427858241243, 49.263858531570605], [-123.04351763266071, 49.263855636380185]], [[-123.0442757626305, 49.2647625325624], [-123.04427858241243, 49.263858531570605]], [[-123.0435156790571, 49.26476009578164], [-123.04154559737057, 49.26475317504324]], [[-123.04622564088281, 49.23950138621839], [-123.04576405139544, 49.23931340752077]], [[-123.04681502875003, 49.23973739091451], [-123.04622564088281, 49.23950138621839]], [[-123.04614876171318, 49.24042842153011], [-123.04681502875003, 49.23973739091451]], [[-123.04892191536462, 49.2446194837743], [-123.04712239815645, 49.244613098561814]], [[-123.04951477025553, 49.24462149800203], [-123.04892191536462, 49.2446194837743]], [[-123.04955544053428, 49.258735848788405], [-123.04955414240041, 49.25838641234077]], [[-123.04428119495388, 49.262953433100904], [-123.04428223681381, 49.26195196944218]], [[-123.04427858241243, 49.263858531570605], [-123.04428119495388, 49.262953433100904]], [[-123.06370197121754, 49.244475147236074], [-123.06180955058649, 49.24356492190606]], [[-123.05031594617267, 49.23828621887898], [-123.04889184498558, 49.2376244925247]], [[-123.05256558401744, 49.241506853868515], [-123.05365796704702, 49.24038623742328]], [[-123.0575031797116, 49.24159975230103], [-123.05452340517236, 49.24023816634394]], [[-123.05365796704702, 49.24038623742328], [-123.05402937949036, 49.24000926267095]], [[-123.0516562148154, 49.2424371108161], [-123.05256558401744, 49.241506853868515]], [[-123.05425171203117, 49.244620567043796], [-123.05257416671884, 49.244622152199724]], [[-123.0581278620067, 49.24188574912884], [-123.0575031797116, 49.24159975230103]], [[-123.04666410984291, 49.23805302978826], [-123.0472712401168, 49.237434359885754]], [[-123.04525778670586, 49.239106779355325], [-123.04458107853209, 49.238835431124954]], [[-123.04587239258971, 49.23885822327156], [-123.04666410984291, 49.23805302978826]], [[-123.0472712401168, 49.237434359885754], [-123.04762508406347, 49.23707420684363]], [[-123.0455213091474, 49.23921532935128], [-123.04587239258971, 49.23885822327156]], [[-123.04812535239195, 49.23840194950313], [-123.04889184498558, 49.2376244925247]], [[-123.0455213091474, 49.23921532935128], [-123.04525778670586, 49.239106779355325]], [[-123.04576405139544, 49.23931340752077], [-123.0455213091474, 49.23921532935128]], [[-123.0355038826546, 49.234529251821584], [-123.0358766127863, 49.23415350403323]], [[-123.04231600102635, 49.23594291744541], [-123.04078930276677, 49.23580693671647]], [[-123.04119975612626, 49.23708880259818], [-123.04231600102635, 49.23594291744541]], [[-123.04093426154414, 49.23736133597245], [-123.04119975612626, 49.23708880259818]], [[-123.03988479982202, 49.23843856873191], [-123.04093426154414, 49.23736133597245]], [[-123.03667381466128, 49.24024914254838], [-123.03468240719981, 49.23943082180685]], [[-123.03440269109177, 49.244159783060184], [-123.03601501391276, 49.242475428533425]], [[-123.03664340836951, 49.244570392163524], [-123.03548526178751, 49.24456601321006]]], ""type"": ""MultiLineString""}";;;;2025-06-16;http://vanmapp1.vancouver.ca/roadahead/events/details/1d0bace0-a9c9-42c8-a53d-22d3eb9916a0;49.2667749953324, -123.04566614485972
"{""coordinates"": [[[-123.13493790065316, 49.202386971253645], [-123.13471913328364, 49.20221872846716], [-123.13438025817184, 49.20215703928065]], [[-123.13522530087805, 49.20138031000508], [-123.13462476282125, 49.20138031000508]]], ""type"": ""MultiLineString""}";Both Sides of 1200 Block of W 75th Avenue From Hudson Street to Lane East of Hud;;Both Sides of 1200 Block of W 75th Avenue From Hudson Street to Lane East of Hud;2025-08-08;http://vanmapp1.vancouver.ca/roadahead/events/details/1dd09770-085b-4fc0-a7f5-7249b31c0ff7;49.20181665976636, -123.1347973304666
"{""coordinates"": [[[-123.11567257611512, 49.28091055827747], [-123.1161586140664, 49.28122479403444]], [[-123.11518701223562, 49.280596499891544], [-123.11567257611512, 49.28091055827747]], [[-123.11421616157196, 49.2799672342899], [-123.11470142545974, 49.28028176483389]], [[-123.11470142545974, 49.28028176483389], [-123.11518701223562, 49.280596499891544]], [[-123.11324504785219, 49.27933838349995], [-123.11421616157196, 49.2799672342899]]], ""type"": ""MultiLineString""}";W. Georgia Street Renewal - Cambie to Richards;;W. Georgia Street Renewal - Cambie to Richards;2025-07-01;http://vanmapp1.vancouver.ca/roadahead/events/details/1eddad61-3eea-470f-bf04-7908d057cee2;49.28028180164426, -123.11470169321021
"{""coordinates"": [[[-123.1383628127809, 49.26878138295035], [-123.13834997369416, 49.269110658596304], [-123.1379937659976, 49.269345931211745]], [[-123.1379937659976, 49.269345931211745], [-123.13714486901962, 49.26990657817484]], [[-123.13614615807028, 49.27064249595955], [-123.13714486901962, 49.26990657817484]], [[-123.13558863882974, 49.27107413836626], [-123.13593207063259, 49.27080825063618]], [[-123.13593207063259, 49.27080825063618], [-123.13614615807028, 49.27064249595955]]], ""type"": ""MultiLineString""}";Granville Bridge Deck and Below Bridge Deck on Anderson Street;;Granville Bridge Deck and Below Bridge Deck on Anderson Street;2026-02-01;http://vanmapp1.vancouver.ca/roadahead/events/details/22661d2d-d9be-4918-ac54-2e53533c4538;49.26997010206673, -123.13707745058754
"{""coordinates"": [[[-123.07705842977934, 49.21638873008553], [-123.07706313386643, 49.21590801922815]], [[-123.07705007851813, 49.216828829654816], [-123.07705842977934, 49.21638873008553]], [[-123.07704175748717, 49.21726196682485], [-123.07705007851813, 49.216828829654816]], [[-123.07703336526143, 49.21770239917856], [-123.07704175748717, 49.21726196682485]], [[-123.07702523701053, 49.2181272245179], [-123.07703336526143, 49.21770239917856]], [[-123.07860155622886, 49.215536756057816], [-123.07816235936203, 49.21549091692904], [-123.07707346308686, 49.21548412592756]], [[-123.07707840250403, 49.21462709008492], [-123.07708303011007, 49.21419454886697]], [[-123.07708303011007, 49.21419454886697], [-123.07708839880816, 49.21376181822069]], [[-123.07708839880816, 49.21376181822069], [-123.07709827600489, 49.21288197394421]], [[-123.07707341937561, 49.21505180561303], [-123.07707840250403, 49.21462709008492]], [[-123.07706799718542, 49.21547679126087], [-123.07707341937561, 49.21505180561303]], [[-123.07706313386643, 49.21590801922815], [-123.07706799718542, 49.21547679126087]]], ""type"": ""MultiLineString""}";;;;2025-08-16;http://vanmapp1.vancouver.ca/roadahead/events/details/4255b4c4-45aa-4465-961c-cd719348210b;49.21550250843071, -123.07724051498045
"{""coordinates"": [[[-123.10375242412442, 49.27017366184094], [-123.10266213821873, 49.27015364092304]], [[-123.1045978633537, 49.27018918089729], [-123.10375242412442, 49.27017366184094]], [[-123.10463357800873, 49.270189832195655], [-123.10610330988426, 49.270216700840734]], [[-123.10610330988426, 49.270216700840734], [-123.10653392088008, 49.27022457119858]], [[-123.10653392088008, 49.27022457119858], [-123.10669393597271, 49.270227490913356]], [[-123.10669393597271, 49.270227490913356], [-123.10941085493421, 49.27027706833496]]], ""type"": ""MultiLineString""}";W 1st Av - Columbia St to Quebec St;;W 1st Av - Columbia St to Quebec St;2025-06-17;http://vanmapp1.vancouver.ca/roadahead/events/details/6665737b-1b89-4b1c-9f9b-d650e3de4f76;49.27021557487841, -123.10604405389682
"{""coordinates"": [[-123.14811623172446, 49.264606375807034], [-123.14812071311961, 49.26444106766121]], ""type"": ""LineString""}";West Side 2400 Cypress St;;West Side 2400 Cypress St;2026-01-01;http://vanmapp1.vancouver.ca/roadahead/events/details/7b01dc6e-eae5-44a5-a7ed-a10a2f68131b;49.26452372173412, -123.14811847242203
"{""coordinates"": [[[-123.07709580189692, 49.21462981094473], [-123.07710577454458, 49.212884049237914]], [[-123.07859529055304, 49.215526706550605], [-123.07817681399975, 49.21549017568324], [-123.07708250918066, 49.21547702458042]], [[-123.07704533653177, 49.21812339539136], [-123.07707666604887, 49.21638166724259]]], ""type"": ""MultiLineString""}";"Knight St - E 61st Av to E 63rd Av                
Knight St - E 57th Av to E 5";;"Knight St - E 61st Av to E 63rd Av                
Knight St - E 57th Av to E 5";2025-06-30;http://vanmapp1.vancouver.ca/roadahead/events/details/7c1644ec-89b6-40a4-ad8a-a4be713bb4f1;49.21549909853473, -123.07731056964826
"{""coordinates"": [[[-123.14312918743758, 49.27062384732517], [-123.14314574030075, 49.27018267536286]], [[-123.14314574030075, 49.27018267536286], [-123.14316197762373, 49.269741818587164]], [[-123.14316197762373, 49.269741818587164], [-123.14317858625452, 49.26930111423354]], [[-123.14317858625452, 49.26930111423354], [-123.14319541437825, 49.26886035560045]], [[-123.14319541437825, 49.26886035560045], [-123.14321269108612, 49.268413209782835]], [[-123.14321269108612, 49.268413209782835], [-123.14322918757904, 49.26797680516489]]], ""type"": ""MultiLineString""}";Pine St (1st to 4th);;Pine St (1st to 4th);2025-08-01;http://vanmapp1.vancouver.ca/roadahead/events/details/807a4e36-5fa9-41c6-bc1d-0f8e4be887ec;49.26930031605718, -123.14317891753421
"{""coordinates"": [[-123.10916356462607, 49.28078709993707], [-123.10847904837955, 49.281240262361734]], ""type"": ""LineString""}";East side of 500 Block Beatty St from W Pender St to 60m South of W Pender St.;;East side of 500 Block Beatty St from W Pender St to 60m South of W Pender St.;2025-06-21;http://vanmapp1.vancouver.ca/roadahead/events/details/97031b1e-cc46-4a39-89ee-dbd00d51a628;49.2810136811494, -123.10882130650283
"{""coordinates"": [[-123.09331368874882, 49.27167276119039], [-123.08597334255482, 49.27041706121045]], ""type"": ""LineString""}";;;;2025-08-01;http://vanmapp1.vancouver.ca/roadahead/events/details/974de6d5-743e-419d-8b83-7bcbed0d3ecb;49.27104491120042, -123.08964351565183
"{""coordinates"": [[[-123.10595862367998, 49.225750217295996], [-123.10610033805, 49.22573365287201], [-123.10658023209001, 49.22575124660901]], [[-123.11075063725, 49.22590431793901], [-123.11295573067, 49.225984885261994]], [[-123.10658023209001, 49.22575124660901], [-123.10841439274, 49.22581872237501]], [[-123.10841439274, 49.22581872237501], [-123.11075063725, 49.22590431793901]], [[-123.10597405295229, 49.22575582545838], [-123.10537329669687, 49.22574368269096]], [[-123.11295573067, 49.225984885261994], [-123.11467157734, 49.226047519865006]], [[-123.11637371778487, 49.22611803510793], [-123.11464637517928, 49.226040960912485]], [[-123.10595862367998, 49.225750217295996], [-123.10597412167, 49.22527774474602]], [[-123.10599045554, 49.224804524781035], [-123.10382784319, 49.224760100213956]], [[-123.10232922233503, 49.22568215711115], [-123.10164743415672, 49.22566877140011]], [[-123.10597412167, 49.22527774474602], [-123.10599045554, 49.224804524781035]], [[-123.10318232622195, 49.225700279330425], [-123.10232922233503, 49.22568215711115]], [[-123.10537329669687, 49.22574368269096], [-123.10447923717203, 49.22572605446865]], [[-123.10447923717203, 49.22572605446865], [-123.10381410629118, 49.22571219872489]], [[-123.10381410629118, 49.22571219872489], [-123.10318232622195, 49.225700279330425]]], ""type"": ""MultiLineString""}";"Phase 1:
- W 50th Ave. from Quebec to Ontario
- Ontario St. from 50th Ave. to";;"Phase 1:
- W 50th Ave. from Quebec to Ontario
- Ontario St. from 50th Ave. to";2026-05-01;http://vanmapp1.vancouver.ca/roadahead/events/details/9f5e15ce-f10f-4965-9231-efed6174d208;49.22569817514991, -123.10835989843339
"{""coordinates"": [[[-123.09294673761639, 49.26617318066309], [-123.09295361336781, 49.265721148230995], [-123.09296070878524, 49.26526904362453]], [[-123.0929452709, 49.265263432185975], [-123.09295247626, 49.26481131848101], [-123.09295764724, 49.26435919738199], [-123.09296680400999, 49.26390702806401], [-123.09297395471002, 49.26345528309798]], [[-123.09298939210346, 49.26346089445195], [-123.09299630747745, 49.26300839402131], [-123.09300440363242, 49.26251142029801]]], ""type"": ""MultiLineString""}";St George St from E Broadway to E.5th Ave;;St George St from E Broadway to E.5th Ave;2026-07-01;https://vancouver.ca/streets-transportation/st-george-rainway.aspx;49.26433952327806, -123.09296754501536
"{""coordinates"": [[-123.08589317411534, 49.27041740039354], [-123.08166828509415, 49.269709161334305], [-123.07739166971064, 49.269674051678095]], ""type"": ""LineString""}";Project is located between Clark Drive and Terminal Avenue along East 1st Avenue;;Project is located between Clark Drive and Terminal Avenue along East 1st Avenue;2025-06-25;http://vanmapp1.vancouver.ca/roadahead/events/details/f50e640d-428c-474e-a92a-2e228667a4d4;49.269877597403394, -123.08165711154392
"{""coordinates"": [[-123.091264266488, 49.20657710375073], [-123.09127540700852, 49.205710957339335]], ""type"": ""LineString""}";South end of Fraser Street, south of East Kent Avenue South;;South end of Fraser Street, south of East Kent Avenue South;2025-10-01;http://vanmapp1.vancouver.ca/roadahead/events/details/330cb1f0-4f55-4e34-a5d5-dd96dd0a464c;49.20614403054503, -123.09126983674827
"{""coordinates"": [[[-123.13922026230678, 49.24526360608235], [-123.13927280199786, 49.24363672705442]], [[-123.13921470242205, 49.245436303326244], [-123.13922026230678, 49.24526360608235]]], ""type"": ""MultiLineString""}";Granville St - Connaught St to W 32nd Av;;Granville St - Connaught St to W 32nd Av;2025-06-10;http://vanmapp1.vancouver.ca/roadahead/events/details/39e9f4cc-6ad2-43bb-819b-d34b94213d7e;49.244536514937955, -123.13924374438295
"{""coordinates"": [[[-123.12752686679153, 49.285658505992046], [-123.12805828888578, 49.285306809701325]], [[-123.1269951900161, 49.28601035301298], [-123.12752686679153, 49.285658505992046]], [[-123.12646336839538, 49.286362287674194], [-123.1269951900161, 49.28601035301298]], [[-123.12700757277959, 49.28600451833765], [-123.12600370502423, 49.28535429767987]], [[-123.12700421567216, 49.28599795048257], [-123.12771263116697, 49.28647521141099]]], ""type"": ""MultiLineString""}";Bute St from Haro St to Eihu Ln, Along Robson St ~50m on either side of Bute;;Bute St from Haro St to Eihu Ln, Along Robson St ~50m on either side of Bute;2025-10-02;http://vanmapp1.vancouver.ca/roadahead/events/details/8f67eb8f-aa60-4ad2-a7bb-9e266c3d228f;49.28587438567917, -123.1270539347461
"{""coordinates"": [[-123.10015434360575, 49.27276113417457], [-123.1002150985845, 49.272007682255264]], ""type"": ""LineString""}";Main and Terminal;;Main and Terminal;2026-01-01;https://vancouver.ca/streets-transportation/terminal-avenue-sewer-repairs.aspx;49.27238440821492, -123.10018472109513
"{""coordinates"": [[[-123.12878371315001, 49.27673742568899], [-123.12902759892, 49.27657602283301], [-123.12948937173, 49.276270416512006]], [[-123.13039951270936, 49.27568389021357], [-123.13017305568455, 49.275532294127586], [-123.13016390835, 49.275553803582994], [-123.13013502389998, 49.27562173179899], [-123.13010784727001, 49.27568562824001], [-123.13008498261, 49.27573200618801], [-123.13006668514001, 49.275763797791], [-123.13004887198001, 49.27579155900099], [-123.1300272714, 49.27582200503599], [-123.13000629391, 49.275848915257], [-123.12998594138999, 49.27587300028202], [-123.12996677798999, 49.27589444837599], [-123.12993878109, 49.27592360628199], [-123.12990841615002, 49.275951489525994], [-123.1298881682, 49.275968315299], [-123.12986249717001, 49.27598796265801], [-123.12983109892001, 49.27600980227601], [-123.12978677010001, 49.276039320310986], [-123.12975548093, 49.276060835959015], [-123.12967332768999, 49.27612054828799], [-123.12960948951002, 49.27616557785899], [-123.12955104424998, 49.276206796384], [-123.12949192650998, 49.276248501373004], [-123.12947353796999, 49.27626147504901]], [[-123.12779209585, 49.276095181865], [-123.12849595733, 49.27562958393901], [-123.12890243010999, 49.275360705785005], [-123.12888672031, 49.27540446691199], [-123.12887521725, 49.27544291618304], [-123.12886306167, 49.27549476001599], [-123.12885527921, 49.27554182252601], [-123.12885007350002, 49.275596429123965], [-123.12884885547, 49.275640776760014], [-123.12885344967, 49.275720855797005], [-123.12886704622998, 49.27577355243699], [-123.12890987655, 49.275833610506965], [-123.12898438212, 49.275898814435976], [-123.12904159530001, 49.275933346047964], [-123.12912130082, 49.275968041398016], [-123.1292094781, 49.27599330026396], [-123.12932908945, 49.27601029328599], [-123.12938882974001, 49.276012178360986], [-123.12946216651001, 49.27600866905101], [-123.12952284358998, 49.27600078423299], [-123.1296019313, 49.27598316393198], [-123.1296894951, 49.27595261697499], [-123.12973319423, 49.27592938731999], [-123.12977294012002, 49.27590329262401], [-123.12980827983, 49.275874621246004], [-123.12983885676998, 49.27584369741601], [-123.1298643281, 49.27581084535103], [-123.12988441983, 49.275776434164015], [-123.12989889921998, 49.27574083292299], [-123.12990760238, 49.27570444659801], [-123.12991046157, 49.27566765306301], [-123.12990740914, 49.27563086617499], [-123.12989851495001, 49.275594499633], [-123.12988384872, 49.275558931153995], [-123.12986357652, 49.275524565333995], [-123.12984011252, 49.27549455676899], [-123.12944208178, 49.27504769059598], [-123.12940180781467, 49.27502984656488], [-123.12890243010999, 49.275360705785005], [-123.12887122948, 49.27536870132897], [-123.12885751775, 49.27537202685102], [-123.12883819993, 49.275376527996], [-123.12881884034, 49.275380822295006], [-123.12879946565, 49.275384603883], [-123.12878061412998, 49.27538867272901], [-123.12876765632, 49.275391151852006], [-123.12875638844, 49.27539322430701], [-123.12873849689, 49.27539638356299], [-123.12872441145, 49.275398747], [-123.12870653283001, 49.275401591405], [-123.12868780173, 49.275404391780995], [-123.12866588175, 49.275407438575], [-123.12864486817, 49.27541011555303], [-123.12862374407, 49.27541258576099], [-123.12859615952, 49.27541546793799], [-123.1285741956, 49.275417480317], [-123.12855286293, 49.275419051225015], [-123.12853184605, 49.275420459863994], [-123.12850196232002, 49.275422085250966], [-123.12844741525, 49.27542386398099], [-123.12841495574, 49.275423594223014], [-123.12839105922001, 49.275422568341014], [-123.12835882764, 49.27542006750801], [-123.12833185994998, 49.27541696713698], [-123.12830244164999, 49.275412520201996], [-123.12827163097, 49.2754065906], [-123.12824385713, 49.27540009991699], [-123.12821020531, 49.27539066532796], [-123.12818473625, 49.275382292079], [-123.12814250126, 49.27536580576799], [-123.12810663035002, 49.27534885363201], [-123.12806885079, 49.275327468971994], [-123.12803782382001, 49.275306994326996], [-123.12800161897998, 49.27527784505202], [-123.12797026116, 49.27524636963901], [-123.12794410872, 49.27521292750299], [-123.12792343751002, 49.27517786015801], [-123.12790846855998, 49.275141590137], [-123.12789939532, 49.275104495026], [-123.12789608894002, 49.27506460502204], [-123.12789920131, 49.275029457372995], [-123.12790808265, 49.27499234238701], [-123.12792286385002, 49.27495603043499], [-123.12794335345, 49.27492091751603], [-123.12796933256, 49.274887417646966], [-123.12800052708, 49.274855872947], [-123.12803658051, 49.274826643612016], [-123.12807712239999, 49.27480001789701], [-123.12812168619001, 49.274776329134], [-123.12816979130999, 49.274755811727005], [-123.12822091598, 49.27473870012702], [-123.128274497, 49.27472517485799], [-123.12832992985999, 49.274715380511], [-123.12838663750001, 49.274709443657], [-123.12850736268999, 49.274711972031014], [-123.12856459765001, 49.274718510832], [-123.12862795282, 49.27473128545299], [-123.12867801458, 49.274744290727966], [-123.12890751343001, 49.27483184596201], [-123.12906241416998, 49.274891697947], [-123.12921535182998, 49.274947234227994], [-123.12940180781467, 49.27502984656488], [-123.12941220617712, 49.27502295720226], [-123.12945752811063, 49.27505329824126], [-123.12992316005534, 49.275365007644325], [-123.13017305568455, 49.275532294127586], [-123.13022047468, 49.27542079096099], [-123.13036219859998, 49.275085695293996], [-123.13039558404, 49.27499921385498], [-123.13043068456001, 49.27491670634299], [-123.13046150109001, 49.27484667998303], [-123.13049302953999, 49.274775564393025], [-123.13054245833, 49.27467353908898], [-123.13056876076, 49.274622623580996], [-123.13060227777001, 49.27456019506502], [-123.13063012309001, 49.274510519134], [-123.13065582911, 49.27446808674301], [-123.13069169989, 49.27441205111796], [-123.13071321275, 49.27438001290099], [-123.13073724848, 49.274345453172], [-123.13076306049001, 49.274311979846004], [-123.13078512362, 49.274280111902016], [-123.13080524950001, 49.274253895125014], [-123.13083079348, 49.274223075668004], [-123.13086666504002, 49.274177870193995], [-123.13094491333, 49.274088513273], [-123.13098586106, 49.274044642291045], [-123.1310169416, 49.274012512213005], [-123.1310397100683, 49.273989725174935], [-123.13086142055998, 49.274107794603026]], [[-123.12680124793998, 49.275453414362005], [-123.12705251147, 49.27530077785099], [-123.12729873941001, 49.275147228826995], [-123.12741081042, 49.275077338618985], [-123.12754204222, 49.274995499532], [-123.12764895169, 49.27492882607001], [-123.12773569513999, 49.274873661659996], [-123.12782971730998, 49.27481563765801], [-123.12791921518, 49.27476782812698], [-123.12797832619, 49.27473963471397], [-123.12803229357002, 49.274716007531], [-123.12808162366, 49.274696046505994], [-123.12814246742, 49.274673437101], [-123.12819975878, 49.274654033892006], [-123.12824368842999, 49.27464034843601], [-123.12829983414998, 49.274624508545], [-123.12843897295, 49.274586862014985], [-123.12853154265999, 49.274562957808], [-123.12860170648, 49.274545447061], [-123.12867320623042, 49.274528226924076], [-123.1289260455324, 49.27469749405586], [-123.12941220617712, 49.27502295720226], [-123.13121166043001, 49.27383074132001], [-123.13117620509999, 49.273861617091], [-123.13114426305, 49.27389021308102], [-123.13111162367998, 49.27392025807893], [-123.13108406024001, 49.273946303445], [-123.13105296082001, 49.27397646361601], [-123.1310397100683, 49.273989725174935], [-123.13178318925, 49.27349736775798]], [[-123.12844920232813, 49.274378264090956], [-123.12867320623042, 49.274528226924076], [-123.12870035288, 49.274521688872966], [-123.12877888712002, 49.27450349405501], [-123.12883399664, 49.274491091220995], [-123.12889206103, 49.274478361237016], [-123.12894616913002, 49.27446680501501], [-123.12937723053, 49.274368509466], [-123.12991586876, 49.274245444581], [-123.13018846971, 49.27418283706996], [-123.13033548989, 49.27414251679599], [-123.13040160868, 49.27412424492499], [-123.13046262898, 49.274106689392994], [-123.13051826273, 49.274090093404], [-123.13061334473, 49.27406038279099], [-123.13074369363, 49.27401681558601], [-123.13077522869999, 49.274005760790004], [-123.13081865722002, 49.27399021291603], [-123.13085388543999, 49.27397730990401], [-123.1308704624, 49.273971156409004], [-123.13089100822998, 49.273963433253016], [-123.13090722775001, 49.27395728015898], [-123.1309330468, 49.27394736519], [-123.13095876932998, 49.273937342382], [-123.13100775502, 49.273917848244], [-123.13104420149, 49.273902991835996], [-123.13108261085999, 49.27388700879001], [-123.13113233427, 49.27386580467601], [-123.13121166043001, 49.27383074132001], [-123.13767846689, 49.269537834034]], [[-123.137993766, 49.26934593214], [-123.13783841192542, 49.26944853444883], [-123.13947926713, 49.268532421681016]], [[-123.13614615807002, 49.27064249688797], [-123.13714486901999, 49.26990657910301], [-123.13783841192542, 49.26944853444883], [-123.13767846689, 49.269537834034], [-123.13770082296001, 49.269524683399], [-123.13772575772998, 49.26950952375603], [-123.13775027929998, 49.269494076754995], [-123.13777438771, 49.269478360384994], [-123.13779808295, 49.26946236565098], [-123.13782133756, 49.26944611057701], [-123.13784415153002, 49.269429586169], [-123.13786652487998, 49.269412801421], [-123.13788845764, 49.269395765328], [-123.13790992232998, 49.269378486920004], [-123.13793091896, 49.26936096619602], [-123.13795146127, 49.26934320314001], [-123.13797150806, 49.26932520679699], [-123.13799108683001, 49.269306986130005], [-123.13801017011, 49.269288541170994], [-123.1380287579, 49.26926988091603], [-123.13804685024002, 49.26925101436001], [-123.13806443341, 49.26923195051501], [-123.13808149363, 49.26921268040303], [-123.13809805845, 49.26919322198202], [-123.13811408663, 49.26917357529999], [-123.13812960572, 49.269153758314985], [-123.13814458816998, 49.269133753071], [-123.13815902031, 49.26911358657], [-123.13817292963, 49.269093258778014], [-123.13818627493002, 49.26907277874099], [-123.13819908366001, 49.26905213743001], [-123.13821134217001, 49.26903136184799], [-123.13822303669, 49.269010452011], [-123.13823418097, 49.26898939890802], [-123.13824476131002, 49.26896822954103], [-123.13825476399, 49.26894694392698], [-123.13826421652, 49.26892555102697], [-123.13827307762, 49.268904041897], [-123.13828137489001, 49.26888244348902], [-123.13828909456001, 49.268860755820015], [-123.13829622289, 49.268838978904995], [-123.13830278738001, 49.26881711271301], [-123.13830876063, 49.26879519325803], [-123.13831414260001, 49.268773202548005], [-123.13831894704998, 49.26875114956201], [-123.13832314654998, 49.268729052325], [-123.13832676859, 49.26870691080299], [-123.13832979942, 49.26868472501201], [-123.13842042745, 49.26716658638699]], [[-123.13844293323197, 49.26722355143133], [-123.13865393389275, 49.26701585743834], [-123.1390544772148, 49.26685016835947], [-123.13954800367353, 49.266822164504504], [-123.13998430956416, 49.2669505152335], [-123.14027756452559, 49.26709986862576], [-123.14077109098433, 49.26711387047641], [-123.14091771830134, 49.26711387047641]]], ""type"": ""MultiLineString""}";Granville Bridge;;Granville Bridge;2026-01-01;https://vancouver.ca/streets-transportation/granville-bridge-connector.aspx;49.272741065326265, -123.13263984163112
"{""coordinates"": [[-123.09559384776664, 49.28038755501797], [-123.09528275971914, 49.28038314326261], [-123.09528614111098, 49.28024858453418], [-123.0956039919421, 49.280255202185145], [-123.09559384776664, 49.28038755501797]], ""type"": ""LineString""}";Dunlevy and Pender intersection.;;Dunlevy and Pender intersection.;2025-06-14;http://vanmapp1.vancouver.ca/roadahead/events/details/b5807bac-ad4e-45b0-8a95-44912c68f746;49.2803181092976, -123.09544138448986
"{""coordinates"": [[-123.09675416238764, 49.28398198245233], [-123.09642680732775, 49.2839738174637]], ""type"": ""LineString""}";For use by WISH vans only;;For use by WISH vans only;2026-01-01;http://vanmapp1.vancouver.ca/roadahead/events/details/bd378ac4-c29d-417f-98c9-bc83fd0b4742;49.283977899958025, -123.09659048485769
"{""coordinates"": [[[-123.09452909397015, 49.26865929461647], [-123.09493234898628, 49.26763560722236], [-123.09562486967323, 49.26764091903274], [-123.09566690572068, 49.26764172978511], [-123.09570887492, 49.267643512059124], [-123.09575072227328, 49.26764625690524], [-123.09579239280015, 49.26764996436913], [-123.09583383152005, 49.26765463449664], [-123.09587499718073, 49.267660258327055], [-123.09591583478412, 49.26766682691098], [-123.09595628933211, 49.26767433129942], [-123.09599631957215, 49.26768276253168], [-123.09603587052338, 49.26769212065409], [-123.09607323665087, 49.267701858377876], [-123.09611015059888, 49.26771232507696], [-123.09614657106155, 49.267723484805146], [-123.09618248431195, 49.26773534656965], [-123.0962178490789, 49.26774789241492], [-123.09625262409118, 49.2677611043853], [-123.0962867956216, 49.26777499148804], [-123.09632033612685, 49.267789526761106], [-123.09635320435295, 49.26780470124416], [-123.09638537277402, 49.267820496970245], [-123.09641682762721, 49.267836904956454], [-123.09644752765816, 49.26785391624239], [-123.09738903993909, 49.26838842180999], [-123.09777869739959, 49.26809678321396], [-123.09821632086738, 49.267769409574186], [-123.09737594887785, 49.267289309427355], [-123.09716707323, 49.267178925261106], [-123.0971661788304, 49.26717844926759], [-123.09690928001858, 49.267069580220664], [-123.09663640424365, 49.26697887627924], [-123.09635052228587, 49.266907342316216], [-123.09621568778786, 49.26688381528513]], [[-123.09512876373132, 49.266814336813724], [-123.09292984997964, 49.26679817184163], [-123.09093377881625, 49.26678131982263], [-123.09082138500293, 49.26691784742579], [-123.09080416033514, 49.26787579577646], [-123.09146707537391, 49.26798516725634], [-123.0925315683679, 49.26799335986769], [-123.093032736289, 49.26790275357919], [-123.09321850126157, 49.2679340780615], [-123.09355595197076, 49.267900100313966]], [[-123.09493234898628, 49.26763560722236], [-123.09507700458663, 49.267268385178625], [-123.09508567481512, 49.26724522439858], [-123.09509349254877, 49.26722192939144], [-123.09510045782324, 49.26719851814758], [-123.09510655692876, 49.26717500866906], [-123.09511177613811, 49.26715140996234], [-123.09511614296113, 49.26712773100016], [-123.09511962994232, 49.267103989795686], [-123.09512225086316, 49.267080204327954], [-123.09512399199664, 49.267056383603546], [-123.09512485336126, 49.267032536617734], [-123.09512876373132, 49.266814336813724], [-123.09561345111051, 49.26681788564565], [-123.09591079752258, 49.266840945775044], [-123.09621568778786, 49.26688381528513], [-123.09634080048708, 49.26663716156904]], [[-123.0890691188959, 49.26668207997923], [-123.08667814468097, 49.26622481925625], [-123.0865210439916, 49.26657565989822], [-123.08652034692945, 49.2672146884577], [-123.08862864179663, 49.2675704338437], [-123.08907382494587, 49.2675859500483], [-123.0890691188959, 49.26668207997923], [-123.08908887874468, 49.266686301485095], [-123.08913561684426, 49.26669586331852], [-123.08918260142372, 49.26670489422597], [-123.0892298187362, 49.266713394217675], [-123.08927725498614, 49.26672133631848], [-123.08932489647532, 49.266728747524326], [-123.08937272942427, 49.26673560985515], [-123.08942074008606, 49.266741923321376], [-123.08946891472988, 49.266747696928604], [-123.0895172395763, 49.26675291269697], [-123.08956568713268, 49.26675757064754], [-123.08961425741376, 49.26676167977533], [-123.089662922927, 49.26676524010159], [-123.08971168363809, 49.266768233635815], [-123.08976051208715, 49.26677067838949], [-123.08980939449444, 49.26677255638302], [-123.0898583171454, 49.26677388561734], [-123.08990728000572, 49.26677464810194], [-123.09093377881625, 49.26678131982263]], [[-123.09689152692698, 49.26634268390791], [-123.09673762799424, 49.26633979946658], [-123.09634080048708, 49.26663716156904], [-123.0956680832334, 49.26625296876355], [-123.09567357774495, 49.26619421655073]], [[-123.08132267980551, 49.266081245301706], [-123.08131365306879, 49.26579086854983], [-123.08132509936372, 49.265236747026705]], [[-123.13784345606082, 49.26407036482027], [-123.13609435918927, 49.26404236729229], [-123.13607883429394, 49.26447465923704]], [[-123.1553128979588, 49.26387222068513], [-123.15294300168014, 49.26383417496476], [-123.15292573099457, 49.264312158207105], [-123.15290925608184, 49.264745299246954], [-123.15236175413254, 49.2647364685093], [-123.15236175409926, 49.26473646960329]], [[-123.09893880167829, 49.26366657593525], [-123.09700612594295, 49.26363106450691], [-123.09698782429663, 49.264083070963125], [-123.09696827245652, 49.26453554618061], [-123.09694911719525, 49.26498716648197], [-123.09693020944272, 49.26543901141707], [-123.0969110673825, 49.26589070359162], [-123.09689152692698, 49.26634268390791], [-123.09671745801079, 49.26621742763572], [-123.09572444043597, 49.26564964085506]], [[-123.13374165075358, 49.26352625297011], [-123.13137301181327, 49.2634884290168], [-123.12900217715648, 49.2634505139813], [-123.12660458426438, 49.26341212086578], [-123.12658697693531, 49.2638901364771], [-123.12657104069605, 49.264323030261096], [-123.12573413928676, 49.264309596656005], [-123.12417244500723, 49.26428451580733], [-123.12418833376523, 49.26385173035064]], [[-123.101744216102, 49.263718227794186], [-123.10294462230799, 49.26373958056618], [-123.10296232191241, 49.26331509000124]], [[-123.09895774530729, 49.26321467652605], [-123.09702666680003, 49.263178642352386], [-123.09700612594295, 49.26363106450691]], [[-123.11291515457648, 49.263187640128876], [-123.11097716874485, 49.263152340600584], [-123.11096475426379, 49.263432886047525], [-123.11094527432377, 49.26388484191983]], [[-123.10177678003613, 49.26293767603903], [-123.10097498786797, 49.262919066812884], [-123.1009416636927, 49.26370371182469]], [[-123.15297987536017, 49.26286825656257], [-123.15296253641276, 49.263328384490904], [-123.1524023290241, 49.263319457612305], [-123.15238947560277, 49.26382526347635], [-123.15238947559901, 49.263825263600005], [-123.15054446344313, 49.26379556025475], [-123.15052617962391, 49.26427342751617], [-123.15051065974244, 49.26470661194173], [-123.15236175413254, 49.2647364685093], [-123.15238947559901, 49.263825263600005], [-123.15294300168014, 49.26383417496476], [-123.15296253641276, 49.263328384490904]], [[-123.13609435918927, 49.26404236729229], [-123.13611231678367, 49.263565159374224], [-123.13786149125536, 49.26359252687024], [-123.1385731086041, 49.26360354027881], [-123.13928504360099, 49.263614980691614], [-123.1410351032416, 49.26364303668302], [-123.14340323569911, 49.26368116692203], [-123.14577325537245, 49.263719471123494], [-123.14814539417256, 49.26375735519022], [-123.15054446344313, 49.26379556025475], [-123.15056307545694, 49.26329014919253], [-123.1524023290241, 49.263319457612305], [-123.15241403025168, 49.26285899270036]], [[-123.15056307545694, 49.26329014919253], [-123.15058020367758, 49.26283022879312]], [[-123.11288288107619, 49.26392215728225], [-123.11288838997562, 49.263830580700215], [-123.1129030431776, 49.26346970567877], [-123.11291515457648, 49.263187640128876], [-123.11489886007084, 49.26322406705316], [-123.11491784815064, 49.262718004765475]], [[-123.10091057704929, 49.2644537502124], [-123.1009416636927, 49.26370371182469], [-123.101744216102, 49.263718227794186], [-123.10177678003613, 49.26293767603903], [-123.10297621915663, 49.26296573076257], [-123.10491120337669, 49.26301117888204], [-123.10684544983077, 49.26305702704843], [-123.10946855373669, 49.2631188603624], [-123.11097716874485, 49.263152340600584], [-123.11098281453887, 49.26304059671145], [-123.11098282336297, 49.26265228257785]], [[-123.13374165085081, 49.263526288950885], [-123.13611231678367, 49.263565159374224], [-123.13612967222771, 49.263059041522325], [-123.1361471664595, 49.262598502185995]], [[-123.11481596877503, 49.26395948062307], [-123.11483557678204, 49.263506858322586], [-123.11484467401556, 49.263340294026676], [-123.11489886007084, 49.26322406705316], [-123.11751840372688, 49.263266138588506], [-123.11988732399374, 49.26330411134447], [-123.12183802717281, 49.26333585681982], [-123.12420590913786, 49.26337366117119], [-123.12660458426438, 49.26341212086578], [-123.12662333027362, 49.26290655164061], [-123.12664041750735, 49.26244577133269]], [[-123.12519954198356, 49.26288369021097], [-123.12422466571381, 49.26286802036566], [-123.12424176116347, 49.262407096483344]], [[-123.11295081238318, 49.26222609848756], [-123.11293345949241, 49.26268651720608], [-123.11491784815064, 49.262718004765475], [-123.11493525191679, 49.26225784655719]], [[-123.10167259656046, 49.26202749769334], [-123.10165339634827, 49.26248271710409], [-123.10285909076467, 49.262503670320655], [-123.10299604033806, 49.26253066887506], [-123.10301688197815, 49.262051178705775], [-123.10167259656046, 49.26202749769334]], [[-123.10167259656046, 49.26202749769334], [-123.10101308629662, 49.26201617549364], [-123.10097498786797, 49.262919066812884], [-123.10025905216366, 49.262890923592096], [-123.09952943205008, 49.262864874612006], [-123.09897345499519, 49.26284341288704], [-123.09704319491928, 49.26279681791607], [-123.09702666680003, 49.263178642352386]]], ""type"": ""MultiLineString""}";Various Locations;;Various Locations;2027-12-02;http://vanmapp1.vancouver.ca/roadahead/events/details/cdf086b1-bd80-4183-9ce8-20e86a8d12d5;49.264272904730674, -123.11678984288443
"{""coordinates"": [[[-123.11307133850771, 49.287322581371], [-123.11307085102477, 49.28731987430211], [-123.11307026458898, 49.28731598896286], [-123.11306977437042, 49.28731208553907], [-123.11306938043074, 49.28730819101625], [-123.11306911021055, 49.28730427838207], [-123.1130689225181, 49.28730037466232], [-123.11306885856564, 49.28729646182626], [-123.11306889089201, 49.28729255789116], [-123.11306901945599, 49.28728864486678], [-123.11306925804992, 49.28728474072986], [-123.11306960665317, 49.28728083648528], [-123.11307005151455, 49.28727693214654], [-123.11307060642636, 49.287273045690455], [-123.11307127134741, 49.28726915912671], [-123.11307203254711, 49.2872652814639], [-123.11307289002542, 49.287261412702094], [-123.11307385753348, 49.287257552827725], [-123.11307492132008, 49.287253701854326], [-123.113076095157, 49.28724986876355], [-123.11307737904413, 49.28724605355541], [-123.11307874545864, 49.28724224726167], [-123.11308022192334, 49.28723845885057], [-123.11308180843821, 49.28723468832209], [-123.11308347750095, 49.28723093570315], [-123.1130852566138, 49.287227200966754], [-123.11308714579734, 49.2872234931082], [-123.11308911752872, 49.28721980315913], [-123.11309118555897, 49.28721613110616], [-123.11309336368045, 49.287212494926024], [-123.11309562434967, 49.28720887665543], [-123.11309799508946, 49.28720528526253], [-123.11310046214872, 49.28720172076086], [-123.11310301177616, 49.28719818316375], [-123.11310565774362, 49.28719468145306], [-123.11310840003047, 49.28719120663351], [-123.11311123865725, 49.2871877677002], [-123.11311415985223, 49.2871843556716], [-123.11311717738711, 49.28718097952921], [-123.11312027751076, 49.2871776392866], [-123.1131234739743, 49.287174334930285], [-123.1131267667777, 49.287171066460246], [-123.1131301284187, 49.287167833903396], [-123.11313358642015, 49.28716464622792], [-123.11313712701032, 49.287161494452164], [-123.11313987182471, 49.28715912603519], [-123.11386659612707, 49.28661684901729]], [[-123.11307133850771, 49.287322581371], [-123.11307154747011, 49.287323759533706], [-123.11307235390447, 49.287327635662535], [-123.1130732565767, 49.28733150270199], [-123.1130742554662, 49.287335351656935], [-123.11307536434481, 49.28733919150912], [-123.11307658321255, 49.287343022258426], [-123.1130778845464, 49.287346834936756], [-123.11307930962064, 49.28735063849879], [-123.11308081714054, 49.28735441499455], [-123.11308243464961, 49.28735818238758], [-123.11308414837617, 49.28736193169601], [-123.11308597205083, 49.287365653911365], [-123.11308789194297, 49.287369358042156], [-123.11308989428085, 49.2873730351067], [-123.11309200658746, 49.28737669407329], [-123.11309421509108, 49.28738032596013], [-123.11309653354287, 49.28738393075386], [-123.11309893446109, 49.287387517476475], [-123.11310143155572, 49.287391068124236], [-123.11310401109625, 49.28739459170572], [-123.11310670058499, 49.28739808819401], [-123.11310948625027, 49.28740154860745], [-123.11311235434087, 49.28740497295945], [-123.11311530487735, 49.28740837024512], [-123.11311836534163, 49.28741173144252], [-123.11312149447997, 49.28741505659187], [-123.11312473356675, 49.287418354648], [-123.11312804130705, 49.287421607660946], [-123.1131314452034, 49.287424815603856], [-123.11313493154567, 49.28742799648046], [-123.1131385002928, 49.287431132300355], [-123.11314216519595, 49.28743422305021], [-123.11314589877328, 49.28743727775199], [-123.11314971475547, 49.287440287397146], [-123.11315361314249, 49.28744325198565], [-123.11315758018313, 49.28744617153092], [-123.11316164337983, 49.287449046006], [-123.11316576145835, 49.28745186645625], [-123.11316997571352, 49.28745465083145], [-123.11317424485048, 49.287457381181724], [-123.11317859637177, 49.28746005748016], [-123.11318301654666, 49.28746268873536], [-123.11318750537515, 49.28746527494724], [-123.11319206283667, 49.28746780712075], [-123.11319668891068, 49.28747027626065], [-123.11320138363826, 49.287472700357256], [-123.11320613324766, 49.28747507042891], [-123.11321095149003, 49.287477386462115], [-123.1132158246142, 49.28747964847037], [-123.11322076635079, 49.28748184744492], [-123.11322576298973, 49.287484001389714], [-123.1132308144898, 49.28748609231425], [-123.11323592085103, 49.28748812021874], [-123.11324550019408, 49.287491816840856], [-123.1132495328892, 49.28749337804814], [-123.11335085741388, 49.28753165209167], [-123.11345318327415, 49.28756876468631], [-123.11355648292124, 49.28760469786607], [-123.11366072884728, 49.28763945165542], [-123.11376587975157, 49.28767300810219], [-123.11387190810504, 49.287705358235854], [-123.11397878635758, 49.28773648409086], [-123.11408648702098, 49.28776639468717], [-123.11547908485998, 49.28814319526475]]], ""type"": ""MultiLineString""}";"Canada Place, Howe and Burrard - Westbound Direction ONLY
Howe, Cordova to Cana";;"Canada Place, Howe and Burrard - Westbound Direction ONLY
Howe, Cordova to Cana";2026-01-01;http://vanmapp1.vancouver.ca/roadahead/events/details/e95d8111-3033-4f88-9c6c-ce422c4b71e9;49.28754152914339, -123.1139985375739
"{""coordinates"": [[[-123.10678798525701, 49.28293018940636], [-123.10858101656734, 49.28325806571897]], [[-123.09881874827185, 49.283176281175685], [-123.099567135537, 49.283189455333655]], [[-123.09773525875318, 49.283156126981766], [-123.09881874827185, 49.283176281175685]], [[-123.10858101656734, 49.28325806571897], [-123.1091832523281, 49.28336830081875]], [[-123.10911899996232, 49.28351872485797], [-123.10918300472729, 49.28336825607684]], [[-123.10911899996232, 49.28351872485797], [-123.10995237230391, 49.28405806813055]], [[-123.10995237230391, 49.28405806813055], [-123.11011616735397, 49.284163677415535]], [[-123.11011616735397, 49.284163677415535], [-123.11095341031987, 49.28467794017715]], [[-123.10294948499836, 49.2836399642114], [-123.10411807620824, 49.28344939149255], [-123.10374904740512, 49.28329893882582], [-123.10268808959616, 49.28325881803718], [-123.10373367120498, 49.283308969017895], [-123.1041488286085, 49.28345942165399], [-123.10630149662664, 49.28387065651725], [-123.10876168864742, 49.2843019479331], [-123.11096048526593, 49.28468308604451], [-123.11125263306839, 49.28486362412164], [-123.11096048526593, 49.28469311595501]], [[-123.09767141452723, 49.282702221447096], [-123.09760686860726, 49.28224748887803]], [[-123.09960646763464, 49.28228493852146], [-123.09885880775992, 49.28227112533929]], [[-123.09885880775992, 49.28227112533929], [-123.09760686860726, 49.28224748887803]], [[-123.10035825384288, 49.282299229021845], [-123.09960646763464, 49.28228493852146]], [[-123.099567135537, 49.283189455333655], [-123.09960646763464, 49.28228493852146]], [[-123.10221581369929, 49.282332969817475], [-123.10340834232835, 49.28235570101336], [-123.10366824665677, 49.28237120969038], [-123.10388752057223, 49.28239990526677], [-123.10430442445526, 49.282475700850796]], [[-123.10221581369929, 49.282332969817475], [-123.10035825384288, 49.282299229021845]], [[-123.10430442445526, 49.282475700850796], [-123.10678798525701, 49.28293018940636]], [[-123.09773525875318, 49.283156126981766], [-123.09767141452723, 49.282702221447096]]], ""type"": ""MultiLineString""}";"Cordova St. - Richards to Gore
Powell St., Carrall to Gore
Gore Ave., Powell t";;"Cordova St. - Richards to Gore
Powell St., Carrall to Gore
Gore Ave., Powell t";2025-10-01;http://vanmapp1.vancouver.ca/roadahead/events/details/e9889b56-2d1f-4a5c-a526-e96eef45b4d3;49.2832573263592, -123.10450070505466
"{""coordinates"": [[-123.11135554766784, 49.28680420420096], [-123.11272160826356, 49.28742515018345], [-123.11378248495332, 49.28776643020052], [-123.11536653438016, 49.288221466299774]], ""type"": ""LineString""}";900 W Waterfront Rd;;900 W Waterfront Rd;2025-09-01;http://vanmapp1.vancouver.ca/roadahead/events/details/f46efa2e-8397-4afe-9ae8-5608747c6de8;49.28758037120826, -123.11333618206096
"{""coordinates"": [[[-123.11087316663239, 49.26523591587778], [-123.11089075043989, 49.26478374607936]], [[-123.11085140859302, 49.265690149544184], [-123.11087316663239, 49.26523591587778]], [[-123.11083178852434, 49.26614174552549], [-123.11085140859302, 49.265690149544184]], [[-123.11081231910259, 49.266593251371404], [-123.11083178852434, 49.26614174552549]], [[-123.11079261690682, 49.26704531510421], [-123.11081231910259, 49.266593251371404]], [[-123.11077307914489, 49.267497306678706], [-123.11079261690682, 49.26704531510421]], [[-123.11075341546834, 49.26794847077667], [-123.11077307914489, 49.267497306678706]], [[-123.11074735196848, 49.26809515230792], [-123.11075341546834, 49.26794847077667]], [[-123.11290345793252, 49.2634136875692], [-123.11287697366426, 49.26394370183738]], [[-123.11284727692905, 49.26436861203334], [-123.11286744039334, 49.26391654728428]], [[-123.11282756670643, 49.264820685295916], [-123.11284727692905, 49.26436861203334]], [[-123.11089075043989, 49.26478374607936], [-123.11282756670643, 49.264820685295916]]], ""type"": ""MultiLineString""}";Yukon St - W 8th Av to W 7th Av / W 7th Av - Yukon St to Alberta St / Alberta St;;Yukon St - W 8th Av to W 7th Av / W 7th Av - Yukon St to Alberta St / Alberta St;2025-09-01;http://vanmapp1.vancouver.ca/roadahead/events/details/07511e9a-1668-409a-b259-ebc351d83f8d;49.265465855114385, -123.11155927739946
"{""geometries"": [{""coordinates"": [[[-123.09370167553425, 49.27657162567556], [-123.09892304197999, 49.276680508278304], [-123.09870846525881, 49.27568500423942], [-123.09818632769746, 49.2754516798002], [-123.09824593219675, 49.274596148410325], [-123.0953849083744, 49.27409837808176], [-123.09495575493203, 49.27409837808176], [-123.09416897449411, 49.27576277852242], [-123.09342987660786, 49.27584055268278], [-123.09370167553425, 49.27657162567556]]], ""type"": ""Polygon""}, {""coordinates"": [[-123.0990940701304, 49.274943175396544], [-123.09849802382816, 49.27490428741058]], ""type"": ""LineString""}, {""coordinates"": [[-123.09908214883765, 49.27547982476287], [-123.09849802382816, 49.275324274754695], [-123.0984861025354, 49.274562072880315]], ""type"": ""LineString""}, {""coordinates"": [[-123.09903321718957, 49.27675813894081], [-123.09911508814972, 49.27491240929686]], ""type"": ""LineString""}], ""type"": ""GeometryCollection""}";Prior St, Station, National Ave, Dunlevy Ave;;Prior St, Station, National Ave, Dunlevy Ave;2027-01-02;http://vanmapp1.vancouver.ca/roadahead/events/details/1c7c5863-268e-40e2-a280-2a1bac04b59d;49.27557310221407, -123.09628398866438
"{""coordinates"": [[[-123.11073398592595, 49.268399994419326], [-123.11074735196848, 49.26809515230792]], [[-123.11122253725023, 49.26840895214005], [-123.11073398592595, 49.268399994419326]], [[-123.10996427343846, 49.269027344026085], [-123.11122253725023, 49.26840895214005]], [[-123.10941867795283, 49.269295559061334], [-123.10996427343846, 49.269027344026085]]], ""type"": ""MultiLineString""}";West 2nd Av - Alberta St to Columbia St;;West 2nd Av - Alberta St to Columbia St;2025-08-16;http://vanmapp1.vancouver.ca/roadahead/events/details/3ed48c4a-312c-4451-b53f-6ecd74c2b24e;49.26870839302575, -123.11048093158026
"{""coordinates"": [[-123.13096496822041, 49.27656813466797], [-123.1298168793018, 49.277339558154296]], ""type"": ""LineString""}";E/S of 1300 blk of Hornby St;;E/S of 1300 blk of Hornby St;2025-06-10;http://vanmapp1.vancouver.ca/roadahead/events/details/47e51c72-bc96-4398-a7ae-95fd3498927a;49.27695384641114, -123.1303909237611
"{""coordinates"": [[[-123.09971632410456, 49.27999651010529], [-123.09983122273889, 49.27771251528128]], [[-123.10046061110158, 49.280403230937225], [-123.10123786656914, 49.28043409475325]]], ""type"": ""MultiLineString""}";West Side of the Street of 500-700 Block of Main St. From North Side PL 537 Main;;West Side of the Street of 500-700 Block of Main St. From North Side PL 537 Main;2025-06-14;http://vanmapp1.vancouver.ca/roadahead/events/details/55945cbc-3d95-4b1f-aab4-f6a742437338;49.279251511451754, -123.10004673854176
"{""coordinates"": [[-123.12394373269906, 49.282573050358764], [-123.12282580180302, 49.283306599679605]], ""type"": ""LineString""}";East side of 800 Block Burrard St from Robson St to 100m South of Robson St.;;East side of 800 Block Burrard St from Robson St to 100m South of Robson St.;2025-06-28;http://vanmapp1.vancouver.ca/roadahead/events/details/5d330f75-cd8c-4ecc-92d8-b2a0cb2a9e98;49.282939825019184, -123.12338476725104
"{""coordinates"": [[[-123.03646724693999, 49.268020625589685], [-123.03647239405537, 49.26756276839512]], [[-123.03899916765127, 49.267573151227026], [-123.03647239405537, 49.26756276839512]], [[-123.04347134785667, 49.26758028003903], [-123.03896917978238, 49.2675750804149]], [[-123.03645809825618, 49.26847658602364], [-123.03646724693999, 49.268020625589685]], [[-123.04199030012295, 49.26855066521904], [-123.03525567169063, 49.268529332970246]], [[-123.03741340886428, 49.268027870361266], [-123.03653953729473, 49.268027870361266]], [[-123.03898531551609, 49.269447369024164], [-123.0389907159789, 49.26893641306657], [-123.04021122057986, 49.26894346077094]], [[-123.0364508118813, 49.26894171193797], [-123.03645809825618, 49.26847658602364]], [[-123.0389684741563, 49.26804383948712], [-123.0389684741563, 49.26856678527406]], [[-123.04346873472214, 49.26572664867041], [-123.03572311468682, 49.26568726357766]], [[-123.03997076364995, 49.2662064567875], [-123.03760958402624, 49.26619875290183]], [[-123.03899827240302, 49.26661333351362], [-123.03903289029972, 49.264737736522676]], [[-123.03900016815645, 49.266661093530246], [-123.0389921997174, 49.267597034379634], [-123.03643433077607, 49.267565836637374], [-123.03645048390324, 49.269489540793785]], [[-123.04348522000592, 49.266743352901244], [-123.03644535491692, 49.26671660598333]], [[-123.03900674744273, 49.2671154843259], [-123.03836562826372, 49.26710843345421]], [[-123.03899916765127, 49.267573151227026], [-123.03900632645663, 49.26711632765091]], [[-123.03648214141053, 49.267564681165055], [-123.0354940549659, 49.26755948153931]], [[-123.04343096963198, 49.26477530273647], [-123.03652776234509, 49.264751530767]]], ""type"": ""MultiLineString""}";E. 1st Ave and Windermere St;;E. 1st Ave and Windermere St;2026-01-01;https://vancouver.ca/streets-transportation/hastings-sunrise-sewer-renewal.aspx;49.266899636482236, -123.03911643736755
